correlation_id,antecedent_id,antecedent_activity_name,antecedent_request_time,consequent_id,consequent_response_time
frequenttemporalcorrelation138,ddd88a6de9107b42f432ef2edfd8271c,POST_/sandbox/handle-claim/v1/claims,2024-05-02T01:54:23.925824+00:00,9cec91218eacce095fb6c90c7faf3317,2024-05-02T01:54:25.516158+00:00
frequenttemporalcorrelation139,ddd88a6de9107b42f432ef2edfd8271c,POST_/sandbox/handle-claim/v1/claims,2024-05-02T01:54:23.925824+00:00,a5f780073bf21d0d87b7044e33cb4522,2024-05-02T01:54:25.878022+00:00
frequenttemporalcorrelation140,ddd88a6de9107b42f432ef2edfd8271c,POST_/sandbox/handle-claim/v1/claims,2024-05-02T01:54:23.925824+00:00,76ec0232aeaf3d310feea60f82b7cb0e,2024-05-02T01:54:26.713188+00:00
frequenttemporalcorrelation141,ddd88a6de9107b42f432ef2edfd8271c,POST_/sandbox/handle-claim/v1/claims,2024-05-02T01:54:23.925824+00:00,535b9539b4d3ad41a912906518ddad03,2024-05-02T01:54:27.090818+00:00
frequenttemporalcorrelation142,ddd88a6de9107b42f432ef2edfd8271c,POST_/sandbox/handle-claim/v1/claims,2024-05-02T01:54:23.925824+00:00,de92da3067062f3cb5356a7e4a4ac862,2024-05-02T01:54:27.420060+00:00
frequenttemporalcorrelation143,9cec91218eacce095fb6c90c7faf3317,GET_/sandbox/handle-claim/v1/claims/946/capture-informations,2024-05-02T01:54:25.516158+00:00,a5f780073bf21d0d87b7044e33cb4522,2024-05-02T01:54:25.878022+00:00
frequenttemporalcorrelation144,9cec91218eacce095fb6c90c7faf3317,GET_/sandbox/handle-claim/v1/claims/946/capture-informations,2024-05-02T01:54:25.516158+00:00,76ec0232aeaf3d310feea60f82b7cb0e,2024-05-02T01:54:26.713188+00:00
frequenttemporalcorrelation145,9cec91218eacce095fb6c90c7faf3317,GET_/sandbox/handle-claim/v1/claims/946/capture-informations,2024-05-02T01:54:25.516158+00:00,535b9539b4d3ad41a912906518ddad03,2024-05-02T01:54:27.090818+00:00
frequenttemporalcorrelation146,9cec91218eacce095fb6c90c7faf3317,GET_/sandbox/handle-claim/v1/claims/946/capture-informations,2024-05-02T01:54:25.516158+00:00,de92da3067062f3cb5356a7e4a4ac862,2024-05-02T01:54:27.420060+00:00
frequenttemporalcorrelation147,a5f780073bf21d0d87b7044e33cb4522,GET_/sandbox/handle-claim/v1/claims/946/stackholders,2024-05-02T01:54:25.878022+00:00,76ec0232aeaf3d310feea60f82b7cb0e,2024-05-02T01:54:26.713188+00:00
frequenttemporalcorrelation148,a5f780073bf21d0d87b7044e33cb4522,GET_/sandbox/handle-claim/v1/claims/946/stackholders,2024-05-02T01:54:25.878022+00:00,535b9539b4d3ad41a912906518ddad03,2024-05-02T01:54:27.090818+00:00
frequenttemporalcorrelation149,a5f780073bf21d0d87b7044e33cb4522,GET_/sandbox/handle-claim/v1/claims/946/stackholders,2024-05-02T01:54:25.878022+00:00,de92da3067062f3cb5356a7e4a4ac862,2024-05-02T01:54:27.420060+00:00
frequenttemporalcorrelation150,a5f780073bf21d0d87b7044e33cb4522,GET_/sandbox/handle-claim/v1/claims/946/stackholders,2024-05-02T01:54:25.878022+00:00,f81e113f3cee9746c2ef1f4c4b7aa678,2024-05-02T01:54:30.935098+00:00
frequenttemporalcorrelation151,a5f780073bf21d0d87b7044e33cb4522,GET_/sandbox/handle-claim/v1/claims/946/stackholders,2024-05-02T01:54:25.878022+00:00,f0c145086b02b0316357547cce542039,2024-05-02T01:54:31.296715+00:00
frequenttemporalcorrelation152,a5f780073bf21d0d87b7044e33cb4522,GET_/sandbox/handle-claim/v1/claims/946/stackholders,2024-05-02T01:54:25.878022+00:00,d208df6d188dbe7a199fe81bebc34776,2024-05-02T01:54:31.611357+00:00
frequenttemporalcorrelation153,a5f780073bf21d0d87b7044e33cb4522,GET_/sandbox/handle-claim/v1/claims/946/stackholders,2024-05-02T01:54:25.878022+00:00,35b610211d2c0d397701407225785629,2024-05-02T01:54:36.434891+00:00
frequenttemporalcorrelation154,a5f780073bf21d0d87b7044e33cb4522,GET_/sandbox/handle-claim/v1/claims/946/stackholders,2024-05-02T01:54:25.878022+00:00,882ebd6ada58946ef3cc76625a379c58,2024-05-02T01:54:36.746400+00:00
frequenttemporalcorrelation155,a5f780073bf21d0d87b7044e33cb4522,GET_/sandbox/handle-claim/v1/claims/946/stackholders,2024-05-02T01:54:25.878022+00:00,f3e552690c6c5f7e45fbe34ed9281f03,2024-05-02T01:54:37.116428+00:00
frequenttemporalcorrelation156,a5f780073bf21d0d87b7044e33cb4522,GET_/sandbox/handle-claim/v1/claims/946/stackholders,2024-05-02T01:54:25.878022+00:00,b6710e53d2b107154dbe6c123ea0cb3d,2024-05-02T01:54:41.829616+00:00
frequenttemporalcorrelation157,a5f780073bf21d0d87b7044e33cb4522,GET_/sandbox/handle-claim/v1/claims/946/stackholders,2024-05-02T01:54:25.878022+00:00,ad0a9c03418be37498d76716a0f0ee6c,2024-05-02T01:54:42.168927+00:00
frequenttemporalcorrelation158,a5f780073bf21d0d87b7044e33cb4522,GET_/sandbox/handle-claim/v1/claims/946/stackholders,2024-05-02T01:54:25.878022+00:00,4df74273ddd24b6579190e700c28c046,2024-05-02T01:54:42.496238+00:00
frequenttemporalcorrelation159,a5f780073bf21d0d87b7044e33cb4522,GET_/sandbox/handle-claim/v1/claims/946/stackholders,2024-05-02T01:54:25.878022+00:00,57111e3ed3072410bbec3e50041cba41,2024-05-02T01:54:45.386967+00:00
frequenttemporalcorrelation160,a5f780073bf21d0d87b7044e33cb4522,GET_/sandbox/handle-claim/v1/claims/946/stackholders,2024-05-02T01:54:25.878022+00:00,1493070553c4a666a40ca92e618a4a78,2024-05-02T01:54:45.705147+00:00
frequenttemporalcorrelation161,a5f780073bf21d0d87b7044e33cb4522,GET_/sandbox/handle-claim/v1/claims/946/stackholders,2024-05-02T01:54:25.878022+00:00,3197f24b1d26b71e6eb20a3f36bd5d6c,2024-05-02T01:54:46.030086+00:00
frequenttemporalcorrelation162,76ec0232aeaf3d310feea60f82b7cb0e,POST_/sandbox/handle-claim/v1/claims/946/notify-stackholders,2024-05-02T01:54:26.713188+00:00,535b9539b4d3ad41a912906518ddad03,2024-05-02T01:54:27.090818+00:00
frequenttemporalcorrelation163,76ec0232aeaf3d310feea60f82b7cb0e,POST_/sandbox/handle-claim/v1/claims/946/notify-stackholders,2024-05-02T01:54:26.713188+00:00,de92da3067062f3cb5356a7e4a4ac862,2024-05-02T01:54:27.420060+00:00
frequenttemporalcorrelation164,76ec0232aeaf3d310feea60f82b7cb0e,POST_/sandbox/handle-claim/v1/claims/946/notify-stackholders,2024-05-02T01:54:26.713188+00:00,c94b510b496fd30d2d00f1363f38543d,2024-05-02T01:54:30.569300+00:00
frequenttemporalcorrelation165,76ec0232aeaf3d310feea60f82b7cb0e,POST_/sandbox/handle-claim/v1/claims/946/notify-stackholders,2024-05-02T01:54:26.713188+00:00,f0c145086b02b0316357547cce542039,2024-05-02T01:54:31.296715+00:00
frequenttemporalcorrelation166,76ec0232aeaf3d310feea60f82b7cb0e,POST_/sandbox/handle-claim/v1/claims/946/notify-stackholders,2024-05-02T01:54:26.713188+00:00,d208df6d188dbe7a199fe81bebc34776,2024-05-02T01:54:31.611357+00:00
frequenttemporalcorrelation167,76ec0232aeaf3d310feea60f82b7cb0e,POST_/sandbox/handle-claim/v1/claims/946/notify-stackholders,2024-05-02T01:54:26.713188+00:00,3468883af9c7785a5b3ced6c2c879979,2024-05-02T01:54:35.535604+00:00
frequenttemporalcorrelation168,76ec0232aeaf3d310feea60f82b7cb0e,POST_/sandbox/handle-claim/v1/claims/946/notify-stackholders,2024-05-02T01:54:26.713188+00:00,882ebd6ada58946ef3cc76625a379c58,2024-05-02T01:54:36.746400+00:00
frequenttemporalcorrelation169,76ec0232aeaf3d310feea60f82b7cb0e,POST_/sandbox/handle-claim/v1/claims/946/notify-stackholders,2024-05-02T01:54:26.713188+00:00,f3e552690c6c5f7e45fbe34ed9281f03,2024-05-02T01:54:37.116428+00:00
frequenttemporalcorrelation170,76ec0232aeaf3d310feea60f82b7cb0e,POST_/sandbox/handle-claim/v1/claims/946/notify-stackholders,2024-05-02T01:54:26.713188+00:00,f38f05489945011a5bb0c72228461669,2024-05-02T01:54:41.492581+00:00
frequenttemporalcorrelation171,76ec0232aeaf3d310feea60f82b7cb0e,POST_/sandbox/handle-claim/v1/claims/946/notify-stackholders,2024-05-02T01:54:26.713188+00:00,ad0a9c03418be37498d76716a0f0ee6c,2024-05-02T01:54:42.168927+00:00
frequenttemporalcorrelation172,76ec0232aeaf3d310feea60f82b7cb0e,POST_/sandbox/handle-claim/v1/claims/946/notify-stackholders,2024-05-02T01:54:26.713188+00:00,4df74273ddd24b6579190e700c28c046,2024-05-02T01:54:42.496238+00:00
frequenttemporalcorrelation173,76ec0232aeaf3d310feea60f82b7cb0e,POST_/sandbox/handle-claim/v1/claims/946/notify-stackholders,2024-05-02T01:54:26.713188+00:00,c7da643f845f16298549b77d7d4c7312,2024-05-02T01:54:44.886095+00:00
frequenttemporalcorrelation174,76ec0232aeaf3d310feea60f82b7cb0e,POST_/sandbox/handle-claim/v1/claims/946/notify-stackholders,2024-05-02T01:54:26.713188+00:00,1493070553c4a666a40ca92e618a4a78,2024-05-02T01:54:45.705147+00:00
frequenttemporalcorrelation175,76ec0232aeaf3d310feea60f82b7cb0e,POST_/sandbox/handle-claim/v1/claims/946/notify-stackholders,2024-05-02T01:54:26.713188+00:00,3197f24b1d26b71e6eb20a3f36bd5d6c,2024-05-02T01:54:46.030086+00:00
frequenttemporalcorrelation176,535b9539b4d3ad41a912906518ddad03,POST_/sandbox/handle-claim/v1/claims/946/validations,2024-05-02T01:54:27.090818+00:00,de92da3067062f3cb5356a7e4a4ac862,2024-05-02T01:54:27.420060+00:00
frequenttemporalcorrelation177,535b9539b4d3ad41a912906518ddad03,POST_/sandbox/handle-claim/v1/claims/946/validations,2024-05-02T01:54:27.090818+00:00,c94b510b496fd30d2d00f1363f38543d,2024-05-02T01:54:30.569300+00:00
frequenttemporalcorrelation178,535b9539b4d3ad41a912906518ddad03,POST_/sandbox/handle-claim/v1/claims/946/validations,2024-05-02T01:54:27.090818+00:00,f81e113f3cee9746c2ef1f4c4b7aa678,2024-05-02T01:54:30.935098+00:00
frequenttemporalcorrelation179,535b9539b4d3ad41a912906518ddad03,POST_/sandbox/handle-claim/v1/claims/946/validations,2024-05-02T01:54:27.090818+00:00,d208df6d188dbe7a199fe81bebc34776,2024-05-02T01:54:31.611357+00:00
frequenttemporalcorrelation180,535b9539b4d3ad41a912906518ddad03,POST_/sandbox/handle-claim/v1/claims/946/validations,2024-05-02T01:54:27.090818+00:00,3468883af9c7785a5b3ced6c2c879979,2024-05-02T01:54:35.535604+00:00
frequenttemporalcorrelation181,535b9539b4d3ad41a912906518ddad03,POST_/sandbox/handle-claim/v1/claims/946/validations,2024-05-02T01:54:27.090818+00:00,35b610211d2c0d397701407225785629,2024-05-02T01:54:36.434891+00:00
frequenttemporalcorrelation182,535b9539b4d3ad41a912906518ddad03,POST_/sandbox/handle-claim/v1/claims/946/validations,2024-05-02T01:54:27.090818+00:00,f3e552690c6c5f7e45fbe34ed9281f03,2024-05-02T01:54:37.116428+00:00
frequenttemporalcorrelation183,535b9539b4d3ad41a912906518ddad03,POST_/sandbox/handle-claim/v1/claims/946/validations,2024-05-02T01:54:27.090818+00:00,f38f05489945011a5bb0c72228461669,2024-05-02T01:54:41.492581+00:00
frequenttemporalcorrelation184,535b9539b4d3ad41a912906518ddad03,POST_/sandbox/handle-claim/v1/claims/946/validations,2024-05-02T01:54:27.090818+00:00,b6710e53d2b107154dbe6c123ea0cb3d,2024-05-02T01:54:41.829616+00:00
frequenttemporalcorrelation185,535b9539b4d3ad41a912906518ddad03,POST_/sandbox/handle-claim/v1/claims/946/validations,2024-05-02T01:54:27.090818+00:00,4df74273ddd24b6579190e700c28c046,2024-05-02T01:54:42.496238+00:00
frequenttemporalcorrelation186,535b9539b4d3ad41a912906518ddad03,POST_/sandbox/handle-claim/v1/claims/946/validations,2024-05-02T01:54:27.090818+00:00,c7da643f845f16298549b77d7d4c7312,2024-05-02T01:54:44.886095+00:00
frequenttemporalcorrelation187,535b9539b4d3ad41a912906518ddad03,POST_/sandbox/handle-claim/v1/claims/946/validations,2024-05-02T01:54:27.090818+00:00,57111e3ed3072410bbec3e50041cba41,2024-05-02T01:54:45.386967+00:00
frequenttemporalcorrelation188,535b9539b4d3ad41a912906518ddad03,POST_/sandbox/handle-claim/v1/claims/946/validations,2024-05-02T01:54:27.090818+00:00,3197f24b1d26b71e6eb20a3f36bd5d6c,2024-05-02T01:54:46.030086+00:00
frequenttemporalcorrelation189,de92da3067062f3cb5356a7e4a4ac862,POST_/sandbox/handle-claim/v1/claims/946/investigation-result,2024-05-02T01:54:27.420060+00:00,c94b510b496fd30d2d00f1363f38543d,2024-05-02T01:54:30.569300+00:00
frequenttemporalcorrelation190,de92da3067062f3cb5356a7e4a4ac862,POST_/sandbox/handle-claim/v1/claims/946/investigation-result,2024-05-02T01:54:27.420060+00:00,f81e113f3cee9746c2ef1f4c4b7aa678,2024-05-02T01:54:30.935098+00:00
frequenttemporalcorrelation191,de92da3067062f3cb5356a7e4a4ac862,POST_/sandbox/handle-claim/v1/claims/946/investigation-result,2024-05-02T01:54:27.420060+00:00,f0c145086b02b0316357547cce542039,2024-05-02T01:54:31.296715+00:00
frequenttemporalcorrelation192,de92da3067062f3cb5356a7e4a4ac862,POST_/sandbox/handle-claim/v1/claims/946/investigation-result,2024-05-02T01:54:27.420060+00:00,3468883af9c7785a5b3ced6c2c879979,2024-05-02T01:54:35.535604+00:00
frequenttemporalcorrelation193,de92da3067062f3cb5356a7e4a4ac862,POST_/sandbox/handle-claim/v1/claims/946/investigation-result,2024-05-02T01:54:27.420060+00:00,35b610211d2c0d397701407225785629,2024-05-02T01:54:36.434891+00:00
frequenttemporalcorrelation194,de92da3067062f3cb5356a7e4a4ac862,POST_/sandbox/handle-claim/v1/claims/946/investigation-result,2024-05-02T01:54:27.420060+00:00,882ebd6ada58946ef3cc76625a379c58,2024-05-02T01:54:36.746400+00:00
frequenttemporalcorrelation195,de92da3067062f3cb5356a7e4a4ac862,POST_/sandbox/handle-claim/v1/claims/946/investigation-result,2024-05-02T01:54:27.420060+00:00,f38f05489945011a5bb0c72228461669,2024-05-02T01:54:41.492581+00:00
frequenttemporalcorrelation196,de92da3067062f3cb5356a7e4a4ac862,POST_/sandbox/handle-claim/v1/claims/946/investigation-result,2024-05-02T01:54:27.420060+00:00,b6710e53d2b107154dbe6c123ea0cb3d,2024-05-02T01:54:41.829616+00:00
frequenttemporalcorrelation197,de92da3067062f3cb5356a7e4a4ac862,POST_/sandbox/handle-claim/v1/claims/946/investigation-result,2024-05-02T01:54:27.420060+00:00,ad0a9c03418be37498d76716a0f0ee6c,2024-05-02T01:54:42.168927+00:00
frequenttemporalcorrelation198,de92da3067062f3cb5356a7e4a4ac862,POST_/sandbox/handle-claim/v1/claims/946/investigation-result,2024-05-02T01:54:27.420060+00:00,c7da643f845f16298549b77d7d4c7312,2024-05-02T01:54:44.886095+00:00
frequenttemporalcorrelation199,de92da3067062f3cb5356a7e4a4ac862,POST_/sandbox/handle-claim/v1/claims/946/investigation-result,2024-05-02T01:54:27.420060+00:00,57111e3ed3072410bbec3e50041cba41,2024-05-02T01:54:45.386967+00:00
frequenttemporalcorrelation200,de92da3067062f3cb5356a7e4a4ac862,POST_/sandbox/handle-claim/v1/claims/946/investigation-result,2024-05-02T01:54:27.420060+00:00,1493070553c4a666a40ca92e618a4a78,2024-05-02T01:54:45.705147+00:00
frequenttemporalcorrelation201,b7c688618e582468d56c1b12f7b15539,POST_/sandbox/handle-claim/v1/claims,2024-05-02T01:54:28.701020+00:00,543d2a0d8e59337ec2b7ce3ffa34ab14,2024-05-02T01:54:29.658341+00:00
frequenttemporalcorrelation202,b7c688618e582468d56c1b12f7b15539,POST_/sandbox/handle-claim/v1/claims,2024-05-02T01:54:28.701020+00:00,c94b510b496fd30d2d00f1363f38543d,2024-05-02T01:54:30.569300+00:00
frequenttemporalcorrelation203,b7c688618e582468d56c1b12f7b15539,POST_/sandbox/handle-claim/v1/claims,2024-05-02T01:54:28.701020+00:00,f81e113f3cee9746c2ef1f4c4b7aa678,2024-05-02T01:54:30.935098+00:00
frequenttemporalcorrelation204,b7c688618e582468d56c1b12f7b15539,POST_/sandbox/handle-claim/v1/claims,2024-05-02T01:54:28.701020+00:00,f0c145086b02b0316357547cce542039,2024-05-02T01:54:31.296715+00:00
frequenttemporalcorrelation205,b7c688618e582468d56c1b12f7b15539,POST_/sandbox/handle-claim/v1/claims,2024-05-02T01:54:28.701020+00:00,d208df6d188dbe7a199fe81bebc34776,2024-05-02T01:54:31.611357+00:00
frequenttemporalcorrelation206,543d2a0d8e59337ec2b7ce3ffa34ab14,GET_/sandbox/handle-claim/v1/claims/810/capture-informations,2024-05-02T01:54:29.658341+00:00,c94b510b496fd30d2d00f1363f38543d,2024-05-02T01:54:30.569300+00:00
frequenttemporalcorrelation207,543d2a0d8e59337ec2b7ce3ffa34ab14,GET_/sandbox/handle-claim/v1/claims/810/capture-informations,2024-05-02T01:54:29.658341+00:00,f81e113f3cee9746c2ef1f4c4b7aa678,2024-05-02T01:54:30.935098+00:00
frequenttemporalcorrelation208,543d2a0d8e59337ec2b7ce3ffa34ab14,GET_/sandbox/handle-claim/v1/claims/810/capture-informations,2024-05-02T01:54:29.658341+00:00,f0c145086b02b0316357547cce542039,2024-05-02T01:54:31.296715+00:00
frequenttemporalcorrelation209,543d2a0d8e59337ec2b7ce3ffa34ab14,GET_/sandbox/handle-claim/v1/claims/810/capture-informations,2024-05-02T01:54:29.658341+00:00,d208df6d188dbe7a199fe81bebc34776,2024-05-02T01:54:31.611357+00:00
frequenttemporalcorrelation210,c94b510b496fd30d2d00f1363f38543d,GET_/sandbox/handle-claim/v1/claims/810/stackholders,2024-05-02T01:54:30.569300+00:00,f81e113f3cee9746c2ef1f4c4b7aa678,2024-05-02T01:54:30.935098+00:00
frequenttemporalcorrelation211,c94b510b496fd30d2d00f1363f38543d,GET_/sandbox/handle-claim/v1/claims/810/stackholders,2024-05-02T01:54:30.569300+00:00,f0c145086b02b0316357547cce542039,2024-05-02T01:54:31.296715+00:00
frequenttemporalcorrelation212,c94b510b496fd30d2d00f1363f38543d,GET_/sandbox/handle-claim/v1/claims/810/stackholders,2024-05-02T01:54:30.569300+00:00,d208df6d188dbe7a199fe81bebc34776,2024-05-02T01:54:31.611357+00:00
frequenttemporalcorrelation213,c94b510b496fd30d2d00f1363f38543d,GET_/sandbox/handle-claim/v1/claims/810/stackholders,2024-05-02T01:54:30.569300+00:00,35b610211d2c0d397701407225785629,2024-05-02T01:54:36.434891+00:00
frequenttemporalcorrelation214,c94b510b496fd30d2d00f1363f38543d,GET_/sandbox/handle-claim/v1/claims/810/stackholders,2024-05-02T01:54:30.569300+00:00,882ebd6ada58946ef3cc76625a379c58,2024-05-02T01:54:36.746400+00:00
frequenttemporalcorrelation215,c94b510b496fd30d2d00f1363f38543d,GET_/sandbox/handle-claim/v1/claims/810/stackholders,2024-05-02T01:54:30.569300+00:00,f3e552690c6c5f7e45fbe34ed9281f03,2024-05-02T01:54:37.116428+00:00
frequenttemporalcorrelation216,c94b510b496fd30d2d00f1363f38543d,GET_/sandbox/handle-claim/v1/claims/810/stackholders,2024-05-02T01:54:30.569300+00:00,b6710e53d2b107154dbe6c123ea0cb3d,2024-05-02T01:54:41.829616+00:00
frequenttemporalcorrelation217,c94b510b496fd30d2d00f1363f38543d,GET_/sandbox/handle-claim/v1/claims/810/stackholders,2024-05-02T01:54:30.569300+00:00,ad0a9c03418be37498d76716a0f0ee6c,2024-05-02T01:54:42.168927+00:00
frequenttemporalcorrelation218,c94b510b496fd30d2d00f1363f38543d,GET_/sandbox/handle-claim/v1/claims/810/stackholders,2024-05-02T01:54:30.569300+00:00,4df74273ddd24b6579190e700c28c046,2024-05-02T01:54:42.496238+00:00
frequenttemporalcorrelation219,c94b510b496fd30d2d00f1363f38543d,GET_/sandbox/handle-claim/v1/claims/810/stackholders,2024-05-02T01:54:30.569300+00:00,57111e3ed3072410bbec3e50041cba41,2024-05-02T01:54:45.386967+00:00
frequenttemporalcorrelation220,c94b510b496fd30d2d00f1363f38543d,GET_/sandbox/handle-claim/v1/claims/810/stackholders,2024-05-02T01:54:30.569300+00:00,1493070553c4a666a40ca92e618a4a78,2024-05-02T01:54:45.705147+00:00
frequenttemporalcorrelation221,c94b510b496fd30d2d00f1363f38543d,GET_/sandbox/handle-claim/v1/claims/810/stackholders,2024-05-02T01:54:30.569300+00:00,3197f24b1d26b71e6eb20a3f36bd5d6c,2024-05-02T01:54:46.030086+00:00
frequenttemporalcorrelation222,f81e113f3cee9746c2ef1f4c4b7aa678,POST_/sandbox/handle-claim/v1/claims/810/notify-stackholders,2024-05-02T01:54:30.935098+00:00,f0c145086b02b0316357547cce542039,2024-05-02T01:54:31.296715+00:00
frequenttemporalcorrelation223,f81e113f3cee9746c2ef1f4c4b7aa678,POST_/sandbox/handle-claim/v1/claims/810/notify-stackholders,2024-05-02T01:54:30.935098+00:00,d208df6d188dbe7a199fe81bebc34776,2024-05-02T01:54:31.611357+00:00
frequenttemporalcorrelation224,f81e113f3cee9746c2ef1f4c4b7aa678,POST_/sandbox/handle-claim/v1/claims/810/notify-stackholders,2024-05-02T01:54:30.935098+00:00,3468883af9c7785a5b3ced6c2c879979,2024-05-02T01:54:35.535604+00:00
frequenttemporalcorrelation225,f81e113f3cee9746c2ef1f4c4b7aa678,POST_/sandbox/handle-claim/v1/claims/810/notify-stackholders,2024-05-02T01:54:30.935098+00:00,882ebd6ada58946ef3cc76625a379c58,2024-05-02T01:54:36.746400+00:00
frequenttemporalcorrelation226,f81e113f3cee9746c2ef1f4c4b7aa678,POST_/sandbox/handle-claim/v1/claims/810/notify-stackholders,2024-05-02T01:54:30.935098+00:00,f3e552690c6c5f7e45fbe34ed9281f03,2024-05-02T01:54:37.116428+00:00
frequenttemporalcorrelation227,f81e113f3cee9746c2ef1f4c4b7aa678,POST_/sandbox/handle-claim/v1/claims/810/notify-stackholders,2024-05-02T01:54:30.935098+00:00,f38f05489945011a5bb0c72228461669,2024-05-02T01:54:41.492581+00:00
frequenttemporalcorrelation228,f81e113f3cee9746c2ef1f4c4b7aa678,POST_/sandbox/handle-claim/v1/claims/810/notify-stackholders,2024-05-02T01:54:30.935098+00:00,ad0a9c03418be37498d76716a0f0ee6c,2024-05-02T01:54:42.168927+00:00
frequenttemporalcorrelation229,f81e113f3cee9746c2ef1f4c4b7aa678,POST_/sandbox/handle-claim/v1/claims/810/notify-stackholders,2024-05-02T01:54:30.935098+00:00,4df74273ddd24b6579190e700c28c046,2024-05-02T01:54:42.496238+00:00
frequenttemporalcorrelation230,f81e113f3cee9746c2ef1f4c4b7aa678,POST_/sandbox/handle-claim/v1/claims/810/notify-stackholders,2024-05-02T01:54:30.935098+00:00,c7da643f845f16298549b77d7d4c7312,2024-05-02T01:54:44.886095+00:00
frequenttemporalcorrelation231,f81e113f3cee9746c2ef1f4c4b7aa678,POST_/sandbox/handle-claim/v1/claims/810/notify-stackholders,2024-05-02T01:54:30.935098+00:00,1493070553c4a666a40ca92e618a4a78,2024-05-02T01:54:45.705147+00:00
frequenttemporalcorrelation232,f81e113f3cee9746c2ef1f4c4b7aa678,POST_/sandbox/handle-claim/v1/claims/810/notify-stackholders,2024-05-02T01:54:30.935098+00:00,3197f24b1d26b71e6eb20a3f36bd5d6c,2024-05-02T01:54:46.030086+00:00
frequenttemporalcorrelation233,f0c145086b02b0316357547cce542039,POST_/sandbox/handle-claim/v1/claims/810/validations,2024-05-02T01:54:31.296715+00:00,d208df6d188dbe7a199fe81bebc34776,2024-05-02T01:54:31.611357+00:00
frequenttemporalcorrelation234,f0c145086b02b0316357547cce542039,POST_/sandbox/handle-claim/v1/claims/810/validations,2024-05-02T01:54:31.296715+00:00,3468883af9c7785a5b3ced6c2c879979,2024-05-02T01:54:35.535604+00:00
frequenttemporalcorrelation235,f0c145086b02b0316357547cce542039,POST_/sandbox/handle-claim/v1/claims/810/validations,2024-05-02T01:54:31.296715+00:00,35b610211d2c0d397701407225785629,2024-05-02T01:54:36.434891+00:00
frequenttemporalcorrelation236,f0c145086b02b0316357547cce542039,POST_/sandbox/handle-claim/v1/claims/810/validations,2024-05-02T01:54:31.296715+00:00,f3e552690c6c5f7e45fbe34ed9281f03,2024-05-02T01:54:37.116428+00:00
frequenttemporalcorrelation237,f0c145086b02b0316357547cce542039,POST_/sandbox/handle-claim/v1/claims/810/validations,2024-05-02T01:54:31.296715+00:00,f38f05489945011a5bb0c72228461669,2024-05-02T01:54:41.492581+00:00
frequenttemporalcorrelation238,f0c145086b02b0316357547cce542039,POST_/sandbox/handle-claim/v1/claims/810/validations,2024-05-02T01:54:31.296715+00:00,b6710e53d2b107154dbe6c123ea0cb3d,2024-05-02T01:54:41.829616+00:00
frequenttemporalcorrelation239,f0c145086b02b0316357547cce542039,POST_/sandbox/handle-claim/v1/claims/810/validations,2024-05-02T01:54:31.296715+00:00,4df74273ddd24b6579190e700c28c046,2024-05-02T01:54:42.496238+00:00
frequenttemporalcorrelation240,f0c145086b02b0316357547cce542039,POST_/sandbox/handle-claim/v1/claims/810/validations,2024-05-02T01:54:31.296715+00:00,c7da643f845f16298549b77d7d4c7312,2024-05-02T01:54:44.886095+00:00
frequenttemporalcorrelation241,f0c145086b02b0316357547cce542039,POST_/sandbox/handle-claim/v1/claims/810/validations,2024-05-02T01:54:31.296715+00:00,57111e3ed3072410bbec3e50041cba41,2024-05-02T01:54:45.386967+00:00
frequenttemporalcorrelation242,f0c145086b02b0316357547cce542039,POST_/sandbox/handle-claim/v1/claims/810/validations,2024-05-02T01:54:31.296715+00:00,3197f24b1d26b71e6eb20a3f36bd5d6c,2024-05-02T01:54:46.030086+00:00
frequenttemporalcorrelation243,d208df6d188dbe7a199fe81bebc34776,POST_/sandbox/handle-claim/v1/claims/810/investigation-result,2024-05-02T01:54:31.611357+00:00,3468883af9c7785a5b3ced6c2c879979,2024-05-02T01:54:35.535604+00:00
frequenttemporalcorrelation244,d208df6d188dbe7a199fe81bebc34776,POST_/sandbox/handle-claim/v1/claims/810/investigation-result,2024-05-02T01:54:31.611357+00:00,35b610211d2c0d397701407225785629,2024-05-02T01:54:36.434891+00:00
frequenttemporalcorrelation245,d208df6d188dbe7a199fe81bebc34776,POST_/sandbox/handle-claim/v1/claims/810/investigation-result,2024-05-02T01:54:31.611357+00:00,882ebd6ada58946ef3cc76625a379c58,2024-05-02T01:54:36.746400+00:00
frequenttemporalcorrelation246,d208df6d188dbe7a199fe81bebc34776,POST_/sandbox/handle-claim/v1/claims/810/investigation-result,2024-05-02T01:54:31.611357+00:00,f38f05489945011a5bb0c72228461669,2024-05-02T01:54:41.492581+00:00
frequenttemporalcorrelation247,d208df6d188dbe7a199fe81bebc34776,POST_/sandbox/handle-claim/v1/claims/810/investigation-result,2024-05-02T01:54:31.611357+00:00,b6710e53d2b107154dbe6c123ea0cb3d,2024-05-02T01:54:41.829616+00:00
frequenttemporalcorrelation248,d208df6d188dbe7a199fe81bebc34776,POST_/sandbox/handle-claim/v1/claims/810/investigation-result,2024-05-02T01:54:31.611357+00:00,ad0a9c03418be37498d76716a0f0ee6c,2024-05-02T01:54:42.168927+00:00
frequenttemporalcorrelation249,d208df6d188dbe7a199fe81bebc34776,POST_/sandbox/handle-claim/v1/claims/810/investigation-result,2024-05-02T01:54:31.611357+00:00,c7da643f845f16298549b77d7d4c7312,2024-05-02T01:54:44.886095+00:00
frequenttemporalcorrelation250,d208df6d188dbe7a199fe81bebc34776,POST_/sandbox/handle-claim/v1/claims/810/investigation-result,2024-05-02T01:54:31.611357+00:00,57111e3ed3072410bbec3e50041cba41,2024-05-02T01:54:45.386967+00:00
frequenttemporalcorrelation251,d208df6d188dbe7a199fe81bebc34776,POST_/sandbox/handle-claim/v1/claims/810/investigation-result,2024-05-02T01:54:31.611357+00:00,1493070553c4a666a40ca92e618a4a78,2024-05-02T01:54:45.705147+00:00
frequenttemporalcorrelation252,401d423db7c4567e95bbaa34e6384b44,POST_/sandbox/handle-claim/v1/claims,2024-05-02T01:54:34.606063+00:00,52b84724ebf8b42cccc787231b04992f,2024-05-02T01:54:35.163798+00:00
frequenttemporalcorrelation253,401d423db7c4567e95bbaa34e6384b44,POST_/sandbox/handle-claim/v1/claims,2024-05-02T01:54:34.606063+00:00,3468883af9c7785a5b3ced6c2c879979,2024-05-02T01:54:35.535604+00:00
frequenttemporalcorrelation254,401d423db7c4567e95bbaa34e6384b44,POST_/sandbox/handle-claim/v1/claims,2024-05-02T01:54:34.606063+00:00,35b610211d2c0d397701407225785629,2024-05-02T01:54:36.434891+00:00
frequenttemporalcorrelation255,401d423db7c4567e95bbaa34e6384b44,POST_/sandbox/handle-claim/v1/claims,2024-05-02T01:54:34.606063+00:00,882ebd6ada58946ef3cc76625a379c58,2024-05-02T01:54:36.746400+00:00
frequenttemporalcorrelation256,401d423db7c4567e95bbaa34e6384b44,POST_/sandbox/handle-claim/v1/claims,2024-05-02T01:54:34.606063+00:00,f3e552690c6c5f7e45fbe34ed9281f03,2024-05-02T01:54:37.116428+00:00
frequenttemporalcorrelation257,52b84724ebf8b42cccc787231b04992f,GET_/sandbox/handle-claim/v1/claims/399/capture-informations,2024-05-02T01:54:35.163798+00:00,3468883af9c7785a5b3ced6c2c879979,2024-05-02T01:54:35.535604+00:00
frequenttemporalcorrelation258,52b84724ebf8b42cccc787231b04992f,GET_/sandbox/handle-claim/v1/claims/399/capture-informations,2024-05-02T01:54:35.163798+00:00,35b610211d2c0d397701407225785629,2024-05-02T01:54:36.434891+00:00
frequenttemporalcorrelation259,52b84724ebf8b42cccc787231b04992f,GET_/sandbox/handle-claim/v1/claims/399/capture-informations,2024-05-02T01:54:35.163798+00:00,882ebd6ada58946ef3cc76625a379c58,2024-05-02T01:54:36.746400+00:00
frequenttemporalcorrelation260,52b84724ebf8b42cccc787231b04992f,GET_/sandbox/handle-claim/v1/claims/399/capture-informations,2024-05-02T01:54:35.163798+00:00,f3e552690c6c5f7e45fbe34ed9281f03,2024-05-02T01:54:37.116428+00:00
frequenttemporalcorrelation261,3468883af9c7785a5b3ced6c2c879979,GET_/sandbox/handle-claim/v1/claims/399/stackholders,2024-05-02T01:54:35.535604+00:00,35b610211d2c0d397701407225785629,2024-05-02T01:54:36.434891+00:00
frequenttemporalcorrelation262,3468883af9c7785a5b3ced6c2c879979,GET_/sandbox/handle-claim/v1/claims/399/stackholders,2024-05-02T01:54:35.535604+00:00,882ebd6ada58946ef3cc76625a379c58,2024-05-02T01:54:36.746400+00:00
frequenttemporalcorrelation263,3468883af9c7785a5b3ced6c2c879979,GET_/sandbox/handle-claim/v1/claims/399/stackholders,2024-05-02T01:54:35.535604+00:00,f3e552690c6c5f7e45fbe34ed9281f03,2024-05-02T01:54:37.116428+00:00
frequenttemporalcorrelation264,3468883af9c7785a5b3ced6c2c879979,GET_/sandbox/handle-claim/v1/claims/399/stackholders,2024-05-02T01:54:35.535604+00:00,b6710e53d2b107154dbe6c123ea0cb3d,2024-05-02T01:54:41.829616+00:00
frequenttemporalcorrelation265,3468883af9c7785a5b3ced6c2c879979,GET_/sandbox/handle-claim/v1/claims/399/stackholders,2024-05-02T01:54:35.535604+00:00,ad0a9c03418be37498d76716a0f0ee6c,2024-05-02T01:54:42.168927+00:00
frequenttemporalcorrelation266,3468883af9c7785a5b3ced6c2c879979,GET_/sandbox/handle-claim/v1/claims/399/stackholders,2024-05-02T01:54:35.535604+00:00,4df74273ddd24b6579190e700c28c046,2024-05-02T01:54:42.496238+00:00
frequenttemporalcorrelation267,3468883af9c7785a5b3ced6c2c879979,GET_/sandbox/handle-claim/v1/claims/399/stackholders,2024-05-02T01:54:35.535604+00:00,57111e3ed3072410bbec3e50041cba41,2024-05-02T01:54:45.386967+00:00
frequenttemporalcorrelation268,3468883af9c7785a5b3ced6c2c879979,GET_/sandbox/handle-claim/v1/claims/399/stackholders,2024-05-02T01:54:35.535604+00:00,1493070553c4a666a40ca92e618a4a78,2024-05-02T01:54:45.705147+00:00
frequenttemporalcorrelation269,3468883af9c7785a5b3ced6c2c879979,GET_/sandbox/handle-claim/v1/claims/399/stackholders,2024-05-02T01:54:35.535604+00:00,3197f24b1d26b71e6eb20a3f36bd5d6c,2024-05-02T01:54:46.030086+00:00
frequenttemporalcorrelation270,35b610211d2c0d397701407225785629,POST_/sandbox/handle-claim/v1/claims/399/notify-stackholders,2024-05-02T01:54:36.434891+00:00,882ebd6ada58946ef3cc76625a379c58,2024-05-02T01:54:36.746400+00:00
frequenttemporalcorrelation271,35b610211d2c0d397701407225785629,POST_/sandbox/handle-claim/v1/claims/399/notify-stackholders,2024-05-02T01:54:36.434891+00:00,f3e552690c6c5f7e45fbe34ed9281f03,2024-05-02T01:54:37.116428+00:00
frequenttemporalcorrelation272,35b610211d2c0d397701407225785629,POST_/sandbox/handle-claim/v1/claims/399/notify-stackholders,2024-05-02T01:54:36.434891+00:00,f38f05489945011a5bb0c72228461669,2024-05-02T01:54:41.492581+00:00
frequenttemporalcorrelation273,35b610211d2c0d397701407225785629,POST_/sandbox/handle-claim/v1/claims/399/notify-stackholders,2024-05-02T01:54:36.434891+00:00,ad0a9c03418be37498d76716a0f0ee6c,2024-05-02T01:54:42.168927+00:00
frequenttemporalcorrelation274,35b610211d2c0d397701407225785629,POST_/sandbox/handle-claim/v1/claims/399/notify-stackholders,2024-05-02T01:54:36.434891+00:00,4df74273ddd24b6579190e700c28c046,2024-05-02T01:54:42.496238+00:00
frequenttemporalcorrelation275,35b610211d2c0d397701407225785629,POST_/sandbox/handle-claim/v1/claims/399/notify-stackholders,2024-05-02T01:54:36.434891+00:00,c7da643f845f16298549b77d7d4c7312,2024-05-02T01:54:44.886095+00:00
frequenttemporalcorrelation276,35b610211d2c0d397701407225785629,POST_/sandbox/handle-claim/v1/claims/399/notify-stackholders,2024-05-02T01:54:36.434891+00:00,1493070553c4a666a40ca92e618a4a78,2024-05-02T01:54:45.705147+00:00
frequenttemporalcorrelation277,35b610211d2c0d397701407225785629,POST_/sandbox/handle-claim/v1/claims/399/notify-stackholders,2024-05-02T01:54:36.434891+00:00,3197f24b1d26b71e6eb20a3f36bd5d6c,2024-05-02T01:54:46.030086+00:00
frequenttemporalcorrelation278,882ebd6ada58946ef3cc76625a379c58,POST_/sandbox/handle-claim/v1/claims/399/validations,2024-05-02T01:54:36.746400+00:00,f3e552690c6c5f7e45fbe34ed9281f03,2024-05-02T01:54:37.116428+00:00
frequenttemporalcorrelation279,882ebd6ada58946ef3cc76625a379c58,POST_/sandbox/handle-claim/v1/claims/399/validations,2024-05-02T01:54:36.746400+00:00,f38f05489945011a5bb0c72228461669,2024-05-02T01:54:41.492581+00:00
frequenttemporalcorrelation280,882ebd6ada58946ef3cc76625a379c58,POST_/sandbox/handle-claim/v1/claims/399/validations,2024-05-02T01:54:36.746400+00:00,b6710e53d2b107154dbe6c123ea0cb3d,2024-05-02T01:54:41.829616+00:00
frequenttemporalcorrelation281,882ebd6ada58946ef3cc76625a379c58,POST_/sandbox/handle-claim/v1/claims/399/validations,2024-05-02T01:54:36.746400+00:00,4df74273ddd24b6579190e700c28c046,2024-05-02T01:54:42.496238+00:00
frequenttemporalcorrelation282,882ebd6ada58946ef3cc76625a379c58,POST_/sandbox/handle-claim/v1/claims/399/validations,2024-05-02T01:54:36.746400+00:00,c7da643f845f16298549b77d7d4c7312,2024-05-02T01:54:44.886095+00:00
frequenttemporalcorrelation283,882ebd6ada58946ef3cc76625a379c58,POST_/sandbox/handle-claim/v1/claims/399/validations,2024-05-02T01:54:36.746400+00:00,57111e3ed3072410bbec3e50041cba41,2024-05-02T01:54:45.386967+00:00
frequenttemporalcorrelation284,882ebd6ada58946ef3cc76625a379c58,POST_/sandbox/handle-claim/v1/claims/399/validations,2024-05-02T01:54:36.746400+00:00,3197f24b1d26b71e6eb20a3f36bd5d6c,2024-05-02T01:54:46.030086+00:00
frequenttemporalcorrelation285,f3e552690c6c5f7e45fbe34ed9281f03,POST_/sandbox/handle-claim/v1/claims/399/investigation-result,2024-05-02T01:54:37.116428+00:00,f38f05489945011a5bb0c72228461669,2024-05-02T01:54:41.492581+00:00
frequenttemporalcorrelation286,f3e552690c6c5f7e45fbe34ed9281f03,POST_/sandbox/handle-claim/v1/claims/399/investigation-result,2024-05-02T01:54:37.116428+00:00,b6710e53d2b107154dbe6c123ea0cb3d,2024-05-02T01:54:41.829616+00:00
frequenttemporalcorrelation287,f3e552690c6c5f7e45fbe34ed9281f03,POST_/sandbox/handle-claim/v1/claims/399/investigation-result,2024-05-02T01:54:37.116428+00:00,ad0a9c03418be37498d76716a0f0ee6c,2024-05-02T01:54:42.168927+00:00
frequenttemporalcorrelation288,f3e552690c6c5f7e45fbe34ed9281f03,POST_/sandbox/handle-claim/v1/claims/399/investigation-result,2024-05-02T01:54:37.116428+00:00,c7da643f845f16298549b77d7d4c7312,2024-05-02T01:54:44.886095+00:00
frequenttemporalcorrelation289,f3e552690c6c5f7e45fbe34ed9281f03,POST_/sandbox/handle-claim/v1/claims/399/investigation-result,2024-05-02T01:54:37.116428+00:00,57111e3ed3072410bbec3e50041cba41,2024-05-02T01:54:45.386967+00:00
frequenttemporalcorrelation290,f3e552690c6c5f7e45fbe34ed9281f03,POST_/sandbox/handle-claim/v1/claims/399/investigation-result,2024-05-02T01:54:37.116428+00:00,1493070553c4a666a40ca92e618a4a78,2024-05-02T01:54:45.705147+00:00
frequenttemporalcorrelation291,df1776390cee1e33e6860a555c6d283b,POST_/sandbox/handle-claim/v1/claims,2024-05-02T01:54:38.410643+00:00,fac0a56efac78c6d3e09142d2e292e29,2024-05-02T01:54:41.142743+00:00
frequenttemporalcorrelation292,df1776390cee1e33e6860a555c6d283b,POST_/sandbox/handle-claim/v1/claims,2024-05-02T01:54:38.410643+00:00,f38f05489945011a5bb0c72228461669,2024-05-02T01:54:41.492581+00:00
frequenttemporalcorrelation293,df1776390cee1e33e6860a555c6d283b,POST_/sandbox/handle-claim/v1/claims,2024-05-02T01:54:38.410643+00:00,b6710e53d2b107154dbe6c123ea0cb3d,2024-05-02T01:54:41.829616+00:00
frequenttemporalcorrelation294,df1776390cee1e33e6860a555c6d283b,POST_/sandbox/handle-claim/v1/claims,2024-05-02T01:54:38.410643+00:00,ad0a9c03418be37498d76716a0f0ee6c,2024-05-02T01:54:42.168927+00:00
frequenttemporalcorrelation295,df1776390cee1e33e6860a555c6d283b,POST_/sandbox/handle-claim/v1/claims,2024-05-02T01:54:38.410643+00:00,4df74273ddd24b6579190e700c28c046,2024-05-02T01:54:42.496238+00:00
frequenttemporalcorrelation296,fac0a56efac78c6d3e09142d2e292e29,GET_/sandbox/handle-claim/v1/claims/339/capture-informations,2024-05-02T01:54:41.142743+00:00,f38f05489945011a5bb0c72228461669,2024-05-02T01:54:41.492581+00:00
frequenttemporalcorrelation297,fac0a56efac78c6d3e09142d2e292e29,GET_/sandbox/handle-claim/v1/claims/339/capture-informations,2024-05-02T01:54:41.142743+00:00,b6710e53d2b107154dbe6c123ea0cb3d,2024-05-02T01:54:41.829616+00:00
frequenttemporalcorrelation298,fac0a56efac78c6d3e09142d2e292e29,GET_/sandbox/handle-claim/v1/claims/339/capture-informations,2024-05-02T01:54:41.142743+00:00,ad0a9c03418be37498d76716a0f0ee6c,2024-05-02T01:54:42.168927+00:00
frequenttemporalcorrelation299,fac0a56efac78c6d3e09142d2e292e29,GET_/sandbox/handle-claim/v1/claims/339/capture-informations,2024-05-02T01:54:41.142743+00:00,4df74273ddd24b6579190e700c28c046,2024-05-02T01:54:42.496238+00:00
frequenttemporalcorrelation300,f38f05489945011a5bb0c72228461669,GET_/sandbox/handle-claim/v1/claims/339/stackholders,2024-05-02T01:54:41.492581+00:00,b6710e53d2b107154dbe6c123ea0cb3d,2024-05-02T01:54:41.829616+00:00
frequenttemporalcorrelation301,f38f05489945011a5bb0c72228461669,GET_/sandbox/handle-claim/v1/claims/339/stackholders,2024-05-02T01:54:41.492581+00:00,ad0a9c03418be37498d76716a0f0ee6c,2024-05-02T01:54:42.168927+00:00
frequenttemporalcorrelation302,f38f05489945011a5bb0c72228461669,GET_/sandbox/handle-claim/v1/claims/339/stackholders,2024-05-02T01:54:41.492581+00:00,4df74273ddd24b6579190e700c28c046,2024-05-02T01:54:42.496238+00:00
frequenttemporalcorrelation303,f38f05489945011a5bb0c72228461669,GET_/sandbox/handle-claim/v1/claims/339/stackholders,2024-05-02T01:54:41.492581+00:00,57111e3ed3072410bbec3e50041cba41,2024-05-02T01:54:45.386967+00:00
frequenttemporalcorrelation304,f38f05489945011a5bb0c72228461669,GET_/sandbox/handle-claim/v1/claims/339/stackholders,2024-05-02T01:54:41.492581+00:00,1493070553c4a666a40ca92e618a4a78,2024-05-02T01:54:45.705147+00:00
frequenttemporalcorrelation305,f38f05489945011a5bb0c72228461669,GET_/sandbox/handle-claim/v1/claims/339/stackholders,2024-05-02T01:54:41.492581+00:00,3197f24b1d26b71e6eb20a3f36bd5d6c,2024-05-02T01:54:46.030086+00:00
frequenttemporalcorrelation306,b6710e53d2b107154dbe6c123ea0cb3d,POST_/sandbox/handle-claim/v1/claims/339/notify-stackholders,2024-05-02T01:54:41.829616+00:00,ad0a9c03418be37498d76716a0f0ee6c,2024-05-02T01:54:42.168927+00:00
frequenttemporalcorrelation307,b6710e53d2b107154dbe6c123ea0cb3d,POST_/sandbox/handle-claim/v1/claims/339/notify-stackholders,2024-05-02T01:54:41.829616+00:00,4df74273ddd24b6579190e700c28c046,2024-05-02T01:54:42.496238+00:00
frequenttemporalcorrelation308,b6710e53d2b107154dbe6c123ea0cb3d,POST_/sandbox/handle-claim/v1/claims/339/notify-stackholders,2024-05-02T01:54:41.829616+00:00,c7da643f845f16298549b77d7d4c7312,2024-05-02T01:54:44.886095+00:00
frequenttemporalcorrelation309,b6710e53d2b107154dbe6c123ea0cb3d,POST_/sandbox/handle-claim/v1/claims/339/notify-stackholders,2024-05-02T01:54:41.829616+00:00,1493070553c4a666a40ca92e618a4a78,2024-05-02T01:54:45.705147+00:00
frequenttemporalcorrelation310,b6710e53d2b107154dbe6c123ea0cb3d,POST_/sandbox/handle-claim/v1/claims/339/notify-stackholders,2024-05-02T01:54:41.829616+00:00,3197f24b1d26b71e6eb20a3f36bd5d6c,2024-05-02T01:54:46.030086+00:00
frequenttemporalcorrelation311,ad0a9c03418be37498d76716a0f0ee6c,POST_/sandbox/handle-claim/v1/claims/339/validations,2024-05-02T01:54:42.168927+00:00,4df74273ddd24b6579190e700c28c046,2024-05-02T01:54:42.496238+00:00
frequenttemporalcorrelation312,ad0a9c03418be37498d76716a0f0ee6c,POST_/sandbox/handle-claim/v1/claims/339/validations,2024-05-02T01:54:42.168927+00:00,c7da643f845f16298549b77d7d4c7312,2024-05-02T01:54:44.886095+00:00
frequenttemporalcorrelation313,ad0a9c03418be37498d76716a0f0ee6c,POST_/sandbox/handle-claim/v1/claims/339/validations,2024-05-02T01:54:42.168927+00:00,57111e3ed3072410bbec3e50041cba41,2024-05-02T01:54:45.386967+00:00
frequenttemporalcorrelation314,ad0a9c03418be37498d76716a0f0ee6c,POST_/sandbox/handle-claim/v1/claims/339/validations,2024-05-02T01:54:42.168927+00:00,3197f24b1d26b71e6eb20a3f36bd5d6c,2024-05-02T01:54:46.030086+00:00
frequenttemporalcorrelation315,4df74273ddd24b6579190e700c28c046,POST_/sandbox/handle-claim/v1/claims/339/investigation-result,2024-05-02T01:54:42.496238+00:00,c7da643f845f16298549b77d7d4c7312,2024-05-02T01:54:44.886095+00:00
frequenttemporalcorrelation316,4df74273ddd24b6579190e700c28c046,POST_/sandbox/handle-claim/v1/claims/339/investigation-result,2024-05-02T01:54:42.496238+00:00,57111e3ed3072410bbec3e50041cba41,2024-05-02T01:54:45.386967+00:00
frequenttemporalcorrelation317,4df74273ddd24b6579190e700c28c046,POST_/sandbox/handle-claim/v1/claims/339/investigation-result,2024-05-02T01:54:42.496238+00:00,1493070553c4a666a40ca92e618a4a78,2024-05-02T01:54:45.705147+00:00
frequenttemporalcorrelation318,fd39a121f2fc892c40ab0915ce86d47a,POST_/sandbox/handle-claim/v1/claims,2024-05-02T01:54:43.577270+00:00,69739b4c2e95632529af4e065d03a114,2024-05-02T01:54:44.521997+00:00
frequenttemporalcorrelation319,fd39a121f2fc892c40ab0915ce86d47a,POST_/sandbox/handle-claim/v1/claims,2024-05-02T01:54:43.577270+00:00,c7da643f845f16298549b77d7d4c7312,2024-05-02T01:54:44.886095+00:00
frequenttemporalcorrelation320,fd39a121f2fc892c40ab0915ce86d47a,POST_/sandbox/handle-claim/v1/claims,2024-05-02T01:54:43.577270+00:00,57111e3ed3072410bbec3e50041cba41,2024-05-02T01:54:45.386967+00:00
frequenttemporalcorrelation321,fd39a121f2fc892c40ab0915ce86d47a,POST_/sandbox/handle-claim/v1/claims,2024-05-02T01:54:43.577270+00:00,1493070553c4a666a40ca92e618a4a78,2024-05-02T01:54:45.705147+00:00
frequenttemporalcorrelation322,fd39a121f2fc892c40ab0915ce86d47a,POST_/sandbox/handle-claim/v1/claims,2024-05-02T01:54:43.577270+00:00,3197f24b1d26b71e6eb20a3f36bd5d6c,2024-05-02T01:54:46.030086+00:00
frequenttemporalcorrelation323,69739b4c2e95632529af4e065d03a114,GET_/sandbox/handle-claim/v1/claims/991/capture-informations,2024-05-02T01:54:44.521997+00:00,c7da643f845f16298549b77d7d4c7312,2024-05-02T01:54:44.886095+00:00
frequenttemporalcorrelation324,69739b4c2e95632529af4e065d03a114,GET_/sandbox/handle-claim/v1/claims/991/capture-informations,2024-05-02T01:54:44.521997+00:00,57111e3ed3072410bbec3e50041cba41,2024-05-02T01:54:45.386967+00:00
frequenttemporalcorrelation325,69739b4c2e95632529af4e065d03a114,GET_/sandbox/handle-claim/v1/claims/991/capture-informations,2024-05-02T01:54:44.521997+00:00,1493070553c4a666a40ca92e618a4a78,2024-05-02T01:54:45.705147+00:00
frequenttemporalcorrelation326,69739b4c2e95632529af4e065d03a114,GET_/sandbox/handle-claim/v1/claims/991/capture-informations,2024-05-02T01:54:44.521997+00:00,3197f24b1d26b71e6eb20a3f36bd5d6c,2024-05-02T01:54:46.030086+00:00
frequenttemporalcorrelation327,c7da643f845f16298549b77d7d4c7312,GET_/sandbox/handle-claim/v1/claims/991/stackholders,2024-05-02T01:54:44.886095+00:00,57111e3ed3072410bbec3e50041cba41,2024-05-02T01:54:45.386967+00:00
frequenttemporalcorrelation328,c7da643f845f16298549b77d7d4c7312,GET_/sandbox/handle-claim/v1/claims/991/stackholders,2024-05-02T01:54:44.886095+00:00,1493070553c4a666a40ca92e618a4a78,2024-05-02T01:54:45.705147+00:00
frequenttemporalcorrelation329,c7da643f845f16298549b77d7d4c7312,GET_/sandbox/handle-claim/v1/claims/991/stackholders,2024-05-02T01:54:44.886095+00:00,3197f24b1d26b71e6eb20a3f36bd5d6c,2024-05-02T01:54:46.030086+00:00
frequenttemporalcorrelation330,57111e3ed3072410bbec3e50041cba41,POST_/sandbox/handle-claim/v1/claims/991/notify-stackholders,2024-05-02T01:54:45.386967+00:00,1493070553c4a666a40ca92e618a4a78,2024-05-02T01:54:45.705147+00:00
frequenttemporalcorrelation331,57111e3ed3072410bbec3e50041cba41,POST_/sandbox/handle-claim/v1/claims/991/notify-stackholders,2024-05-02T01:54:45.386967+00:00,3197f24b1d26b71e6eb20a3f36bd5d6c,2024-05-02T01:54:46.030086+00:00
frequenttemporalcorrelation332,1493070553c4a666a40ca92e618a4a78,POST_/sandbox/handle-claim/v1/claims/991/validations,2024-05-02T01:54:45.705147+00:00,3197f24b1d26b71e6eb20a3f36bd5d6c,2024-05-02T01:54:46.030086+00:00
